{
    "rmse": 0.8504440485293935,
    "mae": 0.6549297349642522,
    "r2": 0.06613277352128466
}